"GCAM_region_ID","GLU","prot_frac"
1,7,0.110406200708262
1,23,0.183336101675217
1,27,0.0443152872006071
1,96,0.194746561122684
1,101,0.238606565591993
1,217,0.140098363546299
1,218,0.198351770336578
1,219,0.187931881892077
1,220,0.160359233227037
1,221,0.161309636328842
1,222,0.17389907800133
1,223,0.202939670011711
1,224,0.204355047418999
1,225,0.212564878240278
1,226,0.196890297843956
1,227,0.179653782935742
1,228,0.205812015810055
1,229,0.163907263143724
1,230,0.191685420022995
1,231,0.190587208614904
1,232,0.188252975821918
1,233,0.179024894506059
1,234,0.109785819072767
2,87,0.231221190033588
2,100,0.269488150596662
2,144,0.270004820494168
2,151,0.270004820463352
2,170,0.197165151123107
2,171,0.20661548522605
2,177,0.212298382791949
2,179,0.150525861806465
2,183,0.224425073446529
3,75,0.243773439935861
3,80,0.284773376231707
3,86,0.283976640035642
3,87,0.215392316247598
3,95,0.205052814839793
3,98,0.12468419991323
3,100,0.135212038638775
3,144,0.271194579299022
3,149,0.270260201224938
3,151,0.213729768804184
4,87,0.153432013872955
4,162,0.255895039301176
4,171,0.178617180209367
4,179,0.165003746656185
4,182,0.222280757141227
4,183,0.17195883690955
4,188,0.131553209849798
4,190,0.227243976173305
4,194,0.179503643122201
4,196,0.14705724538736
4,197,0.165967446957311
4,198,0.237197101976449
4,199,0.189188855374574
5,86,0.289453155264858
5,87,0.119881904826882
5,142,0.253387038868448
5,144,0.276975116703735
5,149,0.224148287441548
5,151,0.180524842188308
5,152,0.264493127679765
5,160,0.217915556955469
5,162,0.23815388915203
5,183,0.210789891011513
5,188,0.240798774135421
6,184,0.0971437909628822
6,189,0.101178843691231
6,191,0.116028059553266
6,193,0.105053905105941
6,201,0
6,202,0.0946670452895125
6,208,0.125614577965222
6,211,0.0519198050520574
7,156,0.0626580903914966
7,161,0.0924904615295603
7,168,0.129594818241692
7,172,0.157489119341447
7,174,0.164734294801918
7,186,0.174525210327588
7,187,0.161882106967412
7,192,0.158913919610775
7,195,0.166545989614202
7,206,0.175284396265205
8,2,0.202854260533095
8,7,0.17775427100392
8,10,0.20578629375239
8,15,0.199220216999228
8,19,0.202266814618916
8,23,0.191622772884936
8,27,0.179795946222415
8,34,0.230611097376044
8,40,0.19300719740216
8,223,0.121056585242119
8,227,0.190493824412743
8,229,0.170350262091999
8,232,0.20859318763953
9,101,0.139079715559972
9,111,0.0468083356328926
9,133,0.0894099347453429
9,135,0.153120999039466
9,143,0.0774246218378547
9,157,0.153484834328375
10,18,0.286969921219245
10,38,0.28178695476167
10,42,0.145059107846678
10,43,0.142863004808305
10,45,0.288275898410769
10,47,0.179221075953856
10,48,0.130928824588094
10,52,0.275701493571922
10,56,0.271281893736868
10,58,0.253595800417706
10,68,0.265097421821119
10,70,0.226792891125842
10,72,0.206800005618049
10,76,0.27841775754173
10,85,0.267065482279868
11,37,0.29008856878766
11,42,0.297866542040237
11,43,0.29897580126325
11,56,0.289958622781472
11,58,0.299677419860858
11,66,0.299677421689395
11,68,0.298032258042458
11,76,0.282692461360072
11,77,0.299677421566145
11,78,0.299652253122628
11,79,0.299482631569545
11,85,0.299642002491128
11,89,0.298797718219924
11,92,0.299677417933681
11,106,0.298323193237424
11,108,0.299287219567172
11,109,0.299617210733688
11,110,0.29484491155944
11,112,0.299644992936432
11,124,0.299677420066923
11,125,0.299300634758024
11,127,0.298500525031444
11,137,0.284166469655112
12,20,0.12963217321174
12,21,0.209259847601178
12,22,0.139303622396485
12,25,0.132586661504028
12,29,0.207686119114143
12,30,0.200453726822201
12,31,0.134389547022656
12,33,0.225252597359433
12,35,0.152365356264735
12,49,0
12,54,0.220972852874828
12,55,0.241240474394137
12,75,0.274193510197143
13,1,0
13,8,0.0734575149584762
13,12,0.190803274569058
13,13,0.230419329065935
13,16,0.0637851443282359
13,17,0.249040982571978
13,21,0.115762778391841
13,24,0.250459361769124
13,26,0.0538486388509198
13,28,0.00944306204210038
13,29,0.00483438780748829
13,31,0.00590879828015261
13,32,0.0553899026914959
13,36,0.117445146299436
13,41,0.141930301441882
13,44,0.141318487695016
13,46,0.150123219215337
13,50,0.196813927978961
13,54,0.0395850290206953
13,55,0.163494344328374
13,57,0.210101228199288
13,59,0.167599418247505
13,60,0.2145666078905
13,61,0.106818796037433
13,62,0.113213575361088
13,63,0.190351958882693
13,64,0.13141372990421
13,67,0.190606897608611
13,69,0.184663918452027
13,71,0.20921660729989
13,73,0.17144381615707
13,74,0.214627476088468
13,75,0.23619339418681
13,81,0.222560665323856
13,83,0.182224415077162
13,86,0.0380035845478542
13,215,0.297738612486611
14,17,0.153807553437194
14,25,0.221528408715034
14,30,0.234862197833807
14,35,0.220404476820437
14,39,0.264098673842443
14,47,0.283806076043147
14,49,0.253760984559474
14,53,0.282804664123237
14,54,0.247127345247968
15,54,0.266724192431258
15,55,0.247548397729092
15,70,0.299960888053782
15,72,0.298344438205359
15,75,0.299994455595625
15,84,0.299803561276305
15,99,0.299995677399211
16,1,0
16,8,0.132893565228706
16,11,0.18354235884756
16,12,0.109442486335456
16,32,0.245450501927224
16,54,0.182992642874853
16,57,0.242146314670352
16,62,0.198562657220509
17,89,0.223676028669111
17,107,0.249751926753373
17,110,0.25899146410987
17,113,0.258814239797027
17,116,0.230794261170906
17,117,0.259536932426463
17,118,0.259876762569076
17,120,0.26507543294197
17,122,0.261500543300031
17,123,0.262309330685981
17,128,0.273151127839426
17,129,0.246257131882733
17,137,0.263317755226296
17,140,0.267463865363523
17,141,0.263158720221042
17,145,0.270060684087635
17,147,0.277913877319257
17,153,0.254828471189127
17,155,0.249582985248774
17,235,0.260910946785791
18,158,0.198697269718826
18,159,0.125093631497621
18,163,0.195468430224076
18,164,0.189877291360293
18,165,0.206823681810502
18,167,0.19025315424393
18,175,0.209206852173302
18,178,0.239867945051543
18,181,0.239867941565558
19,51,0.0550124568397021
19,103,0
20,91,0.134629195040017
20,96,0.211955580791764
20,105,0.205255377318784
20,111,0.188756252326613
20,114,0.224705813051896
20,115,0.18795458832801
20,130,0.18625168048166
20,131,0.185721869729644
20,132,0.195649631065359
20,133,0.172695322635514
20,134,0.207011629216429
20,135,0.182068708022336
20,136,0.213387606273414
20,217,0.214961075206558
20,221,0.181391740847631
20,231,0.193145867747846
21,52,0.248017463701831
21,72,0.237868432041523
21,75,0.276092179838902
21,82,0.237897913660904
21,84,0.273526400352398
21,88,0.2375067952153
21,90,0.230617751169598
21,93,0.243593198263588
21,94,0.225250542543972
21,95,0.25453523934263
21,97,0.253877878438691
21,98,0.21122999169187
21,99,0.23265854292259
21,100,0.29987261876082
21,102,0.26622742717053
21,104,0.266227426946527
22,58,0.273964847754804
22,85,0.216321190552975
22,89,0.263748387999639
22,97,0.273964841541336
22,102,0.26516480506018
22,104,0.236532800493298
22,107,0.220016516650481
23,1,0.25452973862741
23,3,0.227537076810541
23,4,0.215811827583583
23,5,0.229182932458404
23,6,0.218571635081745
23,8,0.218360916615243
23,9,0.216284638804872
23,13,0.223059293465005
23,14,0.221737942423423
23,17,0.220984599835149
23,18,0.219517804644206
23,20,0.225324909100568
23,22,0.17572819808237
23,25,0.174992732242507
23,33,0.199219156594314
23,35,0.237959051605916
23,37,0.198726818357015
23,38,0.251218809341514
23,39,0.236308275955077
23,42,0.21164070239822
23,43,0.228724545008866
23,45,0.218487103716354
23,47,0.212068518232122
23,48,0.240344409549566
23,53,0.235003830785388
23,56,0.220910674883241
23,70,0.0996332384098545
23,72,0.125408506925881
23,76,0.219407823482302
24,194,0.298923618489955
24,196,0.124713821373
24,198,0.299117068103934
24,199,0.299410203208516
24,204,0.299815901557729
25,143,0
25,156,0
25,161,0.141143077420482
25,166,0
25,168,0.0505791972341412
26,157,0.297831202188644
26,168,0.217552574751079
26,169,0.120671692723509
26,180,0.181435811540325
26,195,0.285426104706272
26,200,0.24243749912064
26,205,0.196372351815201
26,206,0.260111157440653
26,207,0.185046238194129
26,212,0.142272868612191
26,213,0.0771181775996061
26,215,0.192408342132447
27,52,0.298216990723921
27,58,0.288399692542526
27,89,0.298216989090442
27,90,0.296151352819804
27,97,0.296661690251421
27,102,0.29821699536178
27,110,0.157291549295778
27,116,0.243277618059547
27,154,0.0185496836169009
28,65,0.185271031087279
29,37,0.29713415880186
29,65,0.298510317012783
29,66,0.299969789752505
29,108,0.274488247429226
29,109,0.258165133869662
29,110,0.145020632350791
29,112,0.275772984997117
29,116,0.227189403832081
29,119,0.151262945917056
29,125,0.139851855199157
29,126,0.227172544998425
29,127,0.211113354244262
29,137,0.207898835507753
29,138,0.23850750449997
29,139,0.166648810375235
29,146,0.0941006373938352
29,148,0.0934519931451262
29,158,0.269131997325795
29,159,0.228638919736782
29,165,0.233587390786464
29,167,0.286641591246534
29,173,0.299206771459647
29,175,0.249683227892882
29,176,0.298589596724486
29,178,0.299600917706954
29,181,0.299600918514115
29,185,0.269695037571341
30,78,0.0620262042027865
30,103,0.100208737132928
31,169,0.167316968232686
31,200,0.136989522102179
31,203,0.223729534269686
31,205,0.244940108510506
31,206,0.233571915439255
31,207,0.142280132053041
31,209,0.255965264941289
31,210,0.247276570639274
31,212,0.217761085890708
31,213,0.22510033613654
31,214,0.232200491322219
31,215,0.237884516192837
32,143,0.159531401350824
32,156,0.175096176562848
32,157,0.178550907022431
32,166,0.164465266628295
32,168,0.149289858763755
